Age,Income,Number of Children,Credit Score Encoded,Education Encoded,Marital Status_Single,Home Ownership _Rented
26.0,45000.0,0,0,0,1,1
29.0,27500.0,0,2,3,1,1
25.0,62500.0,0,0,1,1,1
29.0,68000.0,2,0,2,0,0
31.0,65000.0,0,0,1,1,1
36.0,92500.0,0,1,4,1,0
48.0,70000.0,1,1,2,0,0
30.0,117500.0,2,1,4,0,0
26.0,47500.0,0,0,0,1,1
45.0,115000.0,3,1,1,0,0
36.0,135000.0,0,1,1,0,0
45.0,110000.0,3,1,1,0,0
36.0,47500.0,0,0,0,1,1
26.0,40000.0,0,0,0,1,1
44.0,75000.0,0,1,4,1,0
42.0,105000.0,0,1,4,1,0
31.0,65000.0,0,0,1,1,1
41.0,110000.0,0,1,2,1,0
27.0,37500.0,0,2,3,1,1
45.0,100000.0,3,1,1,0,0
40.0,130000.0,0,1,3,1,0
40.0,130000.0,0,1,3,1,0
36.0,110000.0,0,1,2,1,0
47.0,97500.0,1,1,2,0,0
31.0,67500.0,0,0,1,1,1
36.0,90000.0,1,1,3,0,0
40.0,142500.0,0,1,3,1,0
28.0,32500.0,0,2,0,1,1
25.0,50000.0,0,1,1,1,1
25.0,57500.0,0,0,1,1,1
30.0,112500.0,2,1,4,0,0
40.0,142500.0,0,1,3,1,0
42.0,100000.0,0,1,4,1,0
36.0,140000.0,0,1,1,0,0
49.0,65000.0,1,1,2,0,0
51.0,140000.0,0,1,1,0,0
43.0,95000.0,0,1,4,1,0
34.0,45000.0,0,0,0,1,1
53.0,115000.0,0,1,0,0,0
39.0,62500.0,2,1,1,0,0
36.0,67500.0,2,1,1,0,0
28.0,32500.0,0,2,0,1,1
46.0,95000.0,1,1,3,0,0
36.0,57500.0,0,0,1,1,1
42.0,110000.0,0,1,4,1,0
29.0,27500.0,0,2,3,1,1
35.0,80000.0,1,1,2,0,0
28.0,32500.0,0,2,0,1,1
35.0,85000.0,1,1,2,0,0
25.0,60000.0,0,0,1,1,1
27.0,37500.0,0,2,3,1,1
45.0,105000.0,3,1,1,0,0
33.0,52500.0,0,0,3,1,1
44.0,87500.0,0,1,4,1,0
28.0,75000.0,0,0,1,1,1
30.0,117500.0,2,1,4,0,0
44.0,87500.0,0,1,4,1,0
31.0,70000.0,0,0,1,1,1
51.0,150000.0,0,1,1,0,0
29.0,27500.0,0,2,3,1,1
50.0,150000.0,0,1,4,0,0
34.0,47500.0,0,0,0,1,1
35.0,90000.0,1,1,2,0,0
36.0,90000.0,1,1,2,0,0
38.0,67500.0,2,1,1,0,0
26.0,45000.0,0,0,0,1,1
33.0,52500.0,0,0,3,1,1
47.0,95000.0,1,1,2,0,0
50.0,155000.0,0,1,4,0,0
52.0,130000.0,0,1,3,0,0
31.0,60000.0,0,0,1,1,1
37.0,72500.0,2,1,1,0,0
41.0,115000.0,0,1,2,1,0
25.0,60000.0,0,0,1,1,1
52.0,137500.0,0,1,3,0,0
36.0,112500.0,2,1,4,0,0
36.0,85000.0,1,1,2,0,0
36.0,37500.0,0,2,3,1,1
36.0,57500.0,0,0,0,1,1
36.0,77500.0,1,1,2,0,0
36.0,80000.0,2,1,4,0,0
43.0,92500.0,0,1,4,1,0
38.0,67500.0,2,1,1,0,0
36.0,55000.0,0,0,0,1,1
30.0,112500.0,2,1,4,0,0
50.0,155000.0,0,1,4,0,0
40.0,125000.0,0,1,3,1,0
36.0,125000.0,0,1,3,0,0
51.0,145000.0,0,1,1,0,0
36.0,85000.0,2,1,4,0,0
30.0,105000.0,2,1,4,0,0
36.0,100000.0,0,1,4,1,0
35.0,90000.0,1,1,2,0,0
34.0,47500.0,0,0,0,1,1
37.0,77500.0,2,1,1,0,0
43.0,92500.0,0,1,4,1,0
39.0,62500.0,2,1,1,0,0
25.0,57500.0,0,0,1,1,1
33.0,52500.0,0,0,3,1,1
36.0,87500.0,0,1,4,1,0
43.0,80000.0,0,1,4,1,0
49.0,77500.0,1,1,2,0,0
53.0,122500.0,0,1,0,0,0
33.0,82000.0,1,1,4,0,0
36.0,85000.0,2,1,4,0,0
33.0,52500.0,0,0,3,1,1
30.0,100000.0,2,1,4,0,0
53.0,122500.0,0,1,0,0,0
36.0,72500.0,2,1,1,0,0
31.0,95000.0,0,1,2,1,1
46.0,102500.0,1,1,3,0,0
26.0,50000.0,0,0,0,1,1
53.0,127500.0,0,1,0,0,0
36.0,62500.0,2,1,1,0,0
32.0,57500.0,0,0,0,1,1
49.0,77500.0,1,1,2,0,0
49.0,77500.0,1,1,2,0,0
36.0,65000.0,2,1,1,0,0
46.0,97500.0,1,1,3,0,0
32.0,57500.0,0,0,0,1,1
36.0,70000.0,2,1,1,0,0
36.0,85000.0,1,1,2,0,0
41.0,120000.0,0,1,2,1,0
25.0,59220.72230977647,0,0,1,1,1
33.0,52500.0,0,0,3,1,1
26.81315888262688,64993.093463611964,0,0,1,0,0
35.260582177897895,57500.0,0,0,0,1,1
28.969584627764558,68212.90760564808,1,0,1,0,0
32.201062586888916,47500.0,0,0,0,1,1
25.0,57651.252646089524,0,0,1,1,1
31.26379145299354,57500.0,0,0,0,1,1
29.793699936433256,69021.00021188914,0,0,1,1,1
26.0,47304.68558755779,0,0,0,1,1
34.17698500410384,47500.0,0,0,0,1,1
31.979914312095726,59510.042843952135,0,0,1,1,1
25.0,60113.06822227634,0,0,1,1,1
33.0,52500.0,0,0,3,1,1
29.279258972173626,57500.0,0,0,0,1,1
34.0,45678.37257943474,0,0,0,1,1
32.62990007321544,45000.0,0,0,0,1,1
26.0,45891.883316733976,0,0,0,1,1
29.314392941875717,64297.663725781546,0,0,1,1,1
29.20112741789226,51143.25979210438,0,0,1,1,1
27.1273937997981,47500.0,0,0,0,1,1
32.79121207698384,57500.0,0,0,0,1,1
26.596405149438166,47500.0,0,0,0,1,1
33.89509549280414,47467.217341501295,0,0,0,1,1
33.49469246226323,57500.0,0,0,1,1,1
33.814127503124105,57500.0,0,0,1,1,1
28.97791153150559,67969.62835582018,1,0,1,0,0
27.476308572361326,45000.0,0,0,0,1,1
33.172570624609534,57500.0,0,0,0,1,1
35.45801433608197,46822.517920102466,0,0,0,1,1
25.0,61928.17586671487,0,0,1,1,1
33.0,52500.0,0,0,3,1,1
31.13227417164582,45000.0,0,0,0,1,1
32.188916583324094,52210.327351187174,0,0,2,1,1
32.904827407004746,47500.0,0,0,0,1,1
29.869894380482673,70325.26404879331,0,0,1,1,1
29.014611850884105,64172.754937868376,0,0,1,1,1
33.0,52500.0,0,0,3,1,1
28.487858573725298,45777.45580428916,0,0,0,1,1
32.42298345770578,57500.0,0,0,1,1,1
30.45921235667613,65811.18146498581,0,0,1,0,0
28.82534482813128,64093.893678388034,0,0,1,1,1
33.09770194061061,47218.031856440815,0,0,0,1,1
34.0,46180.537312904875,0,0,0,1,1
32.16284027843189,52201.014385154245,0,0,2,1,1
34.0,45716.888031942515,0,0,0,1,1
33.0,52500.0,0,0,3,1,1
36.0,56403.19299392374,0,0,0,1,1
29.625803079727365,64427.4179498864,0,0,1,1,1
29.950364770915126,43703.46697273293,0,0,0,1,1
34.0,47500.0,0,0,0,1,1
29.702951201944046,57500.0,0,0,0,1,1
25.0,60063.547816860235,0,0,1,1,1
33.0,52500.0,0,0,3,1,1
28.804017137580853,28479.914312095727,0,2,2,1,1
27.95477271108946,32726.13644455269,0,2,0,1,1
28.325330330763265,30873.348346183677,0,2,0,1,1
32.89058168248415,35556.61355155259,0,2,1,1,1
27.271349031773894,36143.25484113052,0,2,2,1,1
29.0,27500.0,0,2,3,1,1
28.64324667330641,29283.766633467945,0,2,1,1,1
27.71906549031262,33904.6725484369,0,2,0,1,1
28.457303916841752,30213.480415791244,0,2,1,1,1
28.0,32500.0,0,2,0,1,1
28.0,32500.0,0,2,0,1,1
28.92544935632023,27872.753218398855,0,2,2,1,1
29.0,27500.0,0,2,3,1,1
28.22775523070334,31361.223846483288,0,2,0,1,1
28.80128431846583,28493.578407670862,0,2,2,1,1
28.994477882876396,27527.61058561801,0,2,2,1,1
29.0,27500.0,0,2,3,1,1
29.0,27500.0,0,2,3,1,1
28.270992831959013,31145.035840204935,0,2,0,1,1
29.829837226512435,33643.64826657027,0,2,0,1,1
28.07404465173409,32129.776741329548,0,2,0,1,1
28.64153427145573,29292.328642721364,0,2,1,1,1
29.0,27500.0,0,2,3,1,1
29.0,27500.0,0,2,3,1,1
27.623298126827557,34383.50936586221,0,2,1,1,1
28.0,32500.0,0,2,0,1,1
29.0,27500.0,0,2,3,1,1
33.5121414262747,35945.08839142169,0,2,2,1,1
28.674816677973254,29125.916610133736,0,2,2,1,1
28.0,32500.0,0,2,0,1,1
30.261982757803082,37500.0,0,2,3,1,1
28.887212742576327,28063.93628711837,0,2,2,1,1
28.0,32500.0,0,2,0,1,1
28.119594245938302,31902.02877030849,0,2,0,1,1
30.29404170221604,33933.77606388502,0,2,0,1,1
28.239214951383104,31303.925243084486,0,2,0,1,1
29.0,27500.0,0,2,3,1,1
33.93870461959105,37500.0,0,2,3,1,1
29.0,27500.0,0,2,3,1,1
27.522732829381994,34886.33585309003,0,2,1,1,1
28.57245898164145,29637.705091792748,0,2,1,1,1
28.025419126744094,32372.904366279523,0,2,0,1,1
28.892108573006695,28039.457134966524,0,2,2,1,1
28.968570814313267,27657.14592843367,0,2,2,1,1
27.363589588736218,35682.052056318906,0,2,1,1,1
27.314355981076325,35928.220094618366,0,2,2,1,1
28.0,32500.0,0,2,0,1,1
29.0,27500.0,0,2,3,1,1
28.249292229148875,31253.538854255625,0,2,0,1,1
28.41038292303563,30448.08538482185,0,2,1,1,1
33.79996024688744,37500.0,0,2,3,1,1
34.16961467606702,36356.00917254189,0,2,2,1,1
27.076979909828793,37115.100450856036,0,2,2,1,1
27.28975145291377,36051.24273543116,0,2,2,1,1
27.838778712745995,33306.10643627002,0,2,0,1,1
28.0,32500.0,0,2,0,1,1
29.0,27500.0,0,2,3,1,1
28.366596243489578,30667.018782552117,0,2,1,1,1
28.128539409812284,31857.30295093859,0,2,0,1,1
29.0,27500.0,0,2,3,1,1
27.0,37500.0,0,2,3,1,1
27.9669690135902,37500.0,0,2,3,1,1
28.46065775808435,30196.711209578254,0,2,1,1,1
27.192559844835937,36537.20077582031,0,2,2,1,1
28.896091299923494,28019.543500382533,0,2,2,1,1
28.0,32500.0,0,2,0,1,1
35.119584603778584,36949.74037736162,0,2,2,1,1
27.227935162541943,36360.324187290295,0,2,2,1,1
27.427107788626255,35364.46105686872,0,2,1,1,1
29.0,27500.0,0,2,3,1,1
27.139269416743655,36803.65291628172,0,2,2,1,1
27.0,37500.0,0,2,3,1,1
28.510747302577567,29946.26348711217,0,2,1,1,1
27.41741100314878,35412.94498425611,0,2,1,1,1
27.77789218952927,33610.53905235365,0,2,0,1,1
